{
  "accuracy": 0.9604938271604938,
  "macro_f1": 0.793565111645152,
  "micro_f1": 0.9604938271604938,
  "weighted_f1": 0.9608652714583932,
  "macro_precision": 0.7844167477766772,
  "macro_recall": 0.8034830276809898
}